type,model_name,dataset_name,dataset_config,split,layer_idx,proj_dim,proj_seed,best_fixed,oracle,oracle_gap_rel_pct,winner_soft,winner_sharp,winner_window_soft,winner_weighted_linear,baseline_gap_closed_pct,logistic_acc,logistic_gap_closed_pct,hybrid_acc,hybrid_gap_closed_pct
fixed_random,openai-community/gpt2,wikitext,wikitext-2-raw-v1,validation,4,64,0,0.0956648737192154,0.08837684988975525,7.618286154697825,0.21882715821266174,0.1496913582086563,0.2132716029882431,0.41820988059043884,0.0,0.4253086745738983,0.064405324173465,0.41697531938552856,1.7204400008178453
fixed_pca,openai-community/gpt2,wikitext,wikitext-2-raw-v1,validation,4,64,0,0.08780567348003387,0.07349829375743866,16.294368183222886,0.22006173431873322,0.24043209850788116,0.1577160507440567,0.3817901313304901,-5.207508811104909e-05,0.38827162981033325,6.2474418139609,0.40524694323539734,19.641400901731288
learned_projection_router,openai-community/gpt2,wikitext,wikitext-2-raw-v1,validation,4,64,0,0.03499957174062729,0.03291881084442139,5.945103876201341,0.19320988655090332,0.1913580298423767,0.19598765671253204,0.4194444715976715,0.0,nan,nan,0.4194444715976715,0.0
